practice,year,month,vtm_nm,vmp_nm,amp_nm,presentation,strength,total_items,total_quantity,gross_cost,actual_cost,bnf_code,bnf_chapter,bnf_section,bnf_paragraph,bnf_sub
281,2013,4,Tiotropium,Tiotropium bromide 18microgram inhalation powder capsules with device,Spiriva 18microgram inhalation powder capsules with HandiHaler,Inhalation powder,18microgram,1,30,34.87,31.35,0301020Q0BBAAAA,3,1,2,0
281,2013,4,Tiotropium,Tiotropium bromide 18microgram inhalation powder capsules with device,-,Inhalation powder,18microgram,6,210,244.09,218.91,0301020Q0AAAAAA,3,1,2,0
281,2013,4,Tiotropium,Tiotropium bromide 18microgram inhalation powder capsules,Spiriva 18microgram inhalation powder capsules,Inhalation powder,18microgram,6,240,268.00,240.80,0301020Q0BBABAB,3,1,2,0
281,2013,6,Tiotropium,Tiotropium bromide 18microgram inhalation powder capsules,-,Inhalation powder,18microgram,21,780,871.00,783.26,-,3,1,2,0
281,2013,6,Tiotropium,Tiotropium bromide 18microgram inhalation powder capsules with device,-,Inhalation powder,18microgram,5,180,209.22,188.54,0301020Q0AAAAAA,3,1,2,0
281,2013,6,Tiotropium,Tiotropium bromide 18microgram inhalation powder capsules with device,Spiriva 18microgram inhalation powder capsules with HandiHaler,Inhalation powder,18microgram,1,30,34.87,31.38,0301020Q0BBAAAA,3,1,2,0
281,2013,6,Tiotropium,Tiotropium bromide 18microgram inhalation powder capsules,Spiriva 18microgram inhalation powder capsules,Inhalation powder,18microgram,7,240,268.00,241.00,0301020Q0BBABAB,3,1,2,0
281,2013,9,Tiotropium,Tiotropium bromide 18microgram inhalation powder capsules with device,Spiriva 18microgram inhalation powder capsules with HandiHaler,Inhalation powder,18microgram,1,30,34.87,31.38,0301020Q0BBAAAA,3,1,2,0
281,2013,9,Tiotropium,Tiotropium bromide 2.5micrograms/dose solution for inhalation cartridge with device CFC free,Spiriva Respimat 2.5micrograms/dose solution for inhalation cartridge with device,Pressurised inhalation,2.5microgram/dose,1,1,35.50,32.13,0301020Q0BBACAC,3,1,2,0
281,2013,9,Tiotropium,Tiotropium bromide 18microgram inhalation powder capsules,-,Inhalation powder,18microgram,25,990,1105.50,993.28,-,3,1,2,0
281,2013,9,Tiotropium,Tiotropium bromide 18microgram inhalation powder capsules,Spiriva 18microgram inhalation powder capsules,Inhalation powder,18microgram,3,120,134.00,120.30,0301020Q0BBABAB,3,1,2,0
281,2013,9,Tiotropium,Tiotropium bromide 18microgram inhalation powder capsules with device,-,Inhalation powder,18microgram,8,270,313.83,282.83,0301020Q0AAAAAA,3,1,2,0
281,2014,2,Tiotropium,Tiotropium bromide 18microgram inhalation powder capsules,NULL,Inhalation powder,18microgram,21,750,837.50,753.31,NULL,3,1,2,0
281,2014,2,Tiotropium,Tiotropium bromide 2.5micrograms/dose solution for inhalation cartridge with device CFC free,Spiriva Respimat 2.5micrograms/dose solution for inhalation cartridge with device,Pressurised inhalation,2.5microgram/dose,1,1,35.50,31.99,0301020Q0BBACAC,3,1,2,0
281,2014,2,Tiotropium,Tiotropium bromide 18microgram inhalation powder capsules,Spiriva 18microgram inhalation powder capsules,Inhalation powder,18microgram,5,180,201.00,180.77,0301020Q0BBABAB,3,1,2,0
281,2014,2,Tiotropium,Tiotropium bromide 18microgram inhalation powder capsules with device,NULL,Inhalation powder,18microgram,5,180,209.22,187.71,0301020Q0AAAAAA,3,1,2,0
281,2014,4,Tiotropium,Tiotropium bromide 18microgram inhalation powder capsules with device,-,Inhalation powder,18microgram,8,300,348.7,312.78,0301020Q0AAAAAA,3,1,2,0
281,2014,4,Tiotropium,Tiotropium bromide 18microgram inhalation powder capsules,Spiriva 18microgram inhalation powder capsules,Inhalation powder,18microgram,4,180,201,180.97,0301020Q0BBABAB,3,1,2,0
281,2014,4,Tiotropium,Tiotropium bromide 18microgram inhalation powder capsules with device,Spiriva 18microgram inhalation powder capsules with HandiHaler,Inhalation powder,18microgram,3,90,104.61,94.08,0301020Q0BBAAAA,3,1,2,0
281,2014,4,Tiotropium,Tiotropium bromide 18microgram inhalation powder capsules,-,Inhalation powder,18microgram,27,1170,1306.5,1173.00,-,3,1,2,0
281,2014,6,Tiotropium,Tiotropium bromide 18microgram inhalation powder capsules,-,Inhalation powder,18microgram,24,900,1005,903.36,-,3,1,2,0
281,2014,6,Tiotropium,Tiotropium bromide 18microgram inhalation powder capsules,Spiriva 18microgram inhalation powder capsules,Inhalation powder,18microgram,6,240,268,241.03,0301020Q0BBABAB,3,1,2,0
281,2014,6,Tiotropium,Tiotropium bromide 18microgram inhalation powder capsules with device,-,Inhalation powder,18microgram,4,120,139.48,125.88,0301020Q0AAAAAA,3,1,2,0
281,2014,6,Tiotropium,Tiotropium bromide 18microgram inhalation powder capsules with device,Spiriva 18microgram inhalation powder capsules with HandiHaler,Inhalation powder,18microgram,1,30,34.87,31.31,0301020Q0BBAAAA,3,1,2,0
281,2014,9,Tiotropium,Tiotropium bromide 18microgram inhalation powder capsules,-,-,18microgram,21,810,904.50,813.56,-,3,1,2,0
281,2014,9,Tiotropium,Tiotropium bromide 18microgram inhalation powder capsules,Spiriva 18microgram inhalation powder capsules,CAPSULES,18microgram,2,60,67.00,61.08,0301020Q0BBABAB,3,1,2,0
281,2014,9,Tiotropium,Tiotropium bromide 18microgram inhalation powder capsules with device,-,-,18microgram,4,180,209.22,186.95,0301020Q0AAAAAA,3,1,2,0
281,2014,9,Tiotropium,Tiotropium bromide 18microgram inhalation powder capsules with device,Spiriva 18microgram inhalation powder capsules with HandiHaler,COMBOPACK,18microgram,1,30,34.87,31.37,0301020Q0BBAAAA,3,1,2,0
281,2014,11,Tiotropium,Tiotropium bromide 18microgram inhalation powder capsules,-,INHALATION POWDER CAPSULE,18microgram,25,900.00,1005.00,903.31,-,3,1,2,0
281,2014,11,Tiotropium,Tiotropium bromide 18microgram inhalation powder capsules with device,-,INHALATION POWDER CAPSULE,18microgram,4,150.00,174.35,155.76,0301020Q0AAAAAA,3,1,2,0
281,2014,11,Tiotropium,Tiotropium bromide 18microgram inhalation powder capsules with device,Spiriva 18microgram inhalation powder capsules with HandiHaler,COMBOPACK,18microgram,2,60.00,69.74,62.85,0301020Q0BBAAAA,3,1,2,0
281,2014,11,Tiotropium,Tiotropium bromide 18microgram inhalation powder capsules,Spiriva 18microgram inhalation powder capsules,CAPSULES,18microgram,6,240.00,268.00,241.39,0301020Q0BBABAB,3,1,2,0
281,2014,12,Tiotropium,Tiotropium bromide 18microgram inhalation powder capsules,Spiriva 18microgram inhalation powder capsules,CAPSULES,18microgram,8,300,335.00,301.22,0301020Q0BBABAB,3,1,2,0
281,2014,12,Tiotropium,Tiotropium bromide 18microgram inhalation powder capsules with device,-,INHALATION POWDER CAPSULE,18microgram,6,180,209.22,187.83,0301020Q0AAAAAA,3,1,2,0
281,2014,12,Tiotropium,Tiotropium bromide 18microgram inhalation powder capsules with device,Spiriva 18microgram inhalation powder capsules with HandiHaler,COMBOPACK,18microgram,3,90,104.61,93.97,0301020Q0BBAAAA,3,1,2,0
281,2014,12,Tiotropium,Tiotropium bromide 18microgram inhalation powder capsules,-,INHALATION POWDER CAPSULE,18microgram,23,900,1005.00,902.20,-,3,1,2,0
281,2015,1,Tiotropium,Tiotropium bromide 18microgram inhalation powder capsules,Spiriva 18microgram inhalation powder capsules,Inhalation powder,18microgram,4,150,167.50,150.80,0301020Q0BBABAB,3,1,2,0
281,2015,1,Tiotropium,Tiotropium bromide 18microgram inhalation powder capsules with device,-,Inhalation powder,18microgram,7,270,313.83,281.59,0301020Q0AAAAAA,3,1,2,0
281,2015,1,Tiotropium,Tiotropium bromide 18microgram inhalation powder capsules with device,Spiriva 18microgram inhalation powder capsules with HandiHaler,Inhalation powder,18microgram,1,30,34.87,31.37,0301020Q0BBAAAA,3,1,2,0
281,2015,1,Tiotropium,Tiotropium bromide 18microgram inhalation powder capsules,-,Inhalation powder,18microgram,20,780,871.00,780.39,-,3,1,2,0
281,2015,2,Tiotropium,Tiotropium bromide 18microgram inhalation powder capsules,-,Inhalation powder,18microgram,24,870,971.50,872.91,-,3,1,2,0
281,2015,2,Tiotropium,Tiotropium bromide 18microgram inhalation powder capsules with device,-,Inhalation powder,18microgram,5,180,209.22,187.20,0301020Q0AAAAAA,3,1,2,0
281,2015,2,Tiotropium,Tiotropium bromide 18microgram inhalation powder capsules,Spiriva 18microgram inhalation powder capsules,Inhalation powder,18microgram,6,240,268.00,241.30,0301020Q0BBABAB,3,1,2,0
281,2015,2,Tiotropium,Tiotropium bromide 18microgram inhalation powder capsules with device,Spiriva 18microgram inhalation powder capsules with HandiHaler,Inhalation powder,18microgram,2,60,69.74,62.82,0301020Q0BBAAAA,3,1,2,0
281,2015,3,Tiotropium,Tiotropium bromide 18microgram inhalation powder capsules,-,Inhalation powder,18microgram,31,1380,1541.00,1382.44,-,3,1,2,0
281,2015,3,Tiotropium,Tiotropium bromide 18microgram inhalation powder capsules,Spiriva 18microgram inhalation powder capsules,Inhalation powder,18microgram,5,240,268.00,241.05,0301020Q0BBABAB,3,1,2,0
281,2015,3,Tiotropium,Tiotropium bromide 18microgram inhalation powder capsules with device,-,Inhalation powder,18microgram,3,90,104.61,93.27,0301020Q0AAAAAA,3,1,2,0
281,2015,3,Tiotropium,Tiotropium bromide 18microgram inhalation powder capsules with device,Spiriva 18microgram inhalation powder capsules with HandiHaler,Inhalation powder,18microgram,2,60,69.74,62.75,0301020Q0BBAAAA,3,1,2,0
281,2015,4,Tiotropium,Tiotropium bromide 18microgram inhalation powder capsules with device,Spiriva 18microgram inhalation powder capsules with HandiHaler,Inhalation powder,18microgram,3,90,104.61,93.90,0301020Q0BBAAAA,3,1,2,0
281,2015,4,Tiotropium,Tiotropium bromide 18microgram inhalation powder capsules with device,-,Inhalation powder,18microgram,3,90,104.61,93.41,0301020Q0AAAAAA,3,1,2,0
281,2015,4,Tiotropium,Tiotropium bromide 18microgram inhalation powder capsules,Spiriva 18microgram inhalation powder capsules,Inhalation powder,18microgram,7,300,335.00,300.50,0301020Q0BBABAB,3,1,2,0
281,2015,4,Tiotropium,Tiotropium bromide 18microgram inhalation powder capsules,-,Inhalation powder,18microgram,24,900,1005.00,904.52,-,3,1,2,0
281,2015,5,Tiotropium,Tiotropium bromide 18microgram inhalation powder capsules,-,Inhalation powder,18microgram,22,810,904.50,812.83,-,3,1,2,0
281,2015,5,Tiotropium,Tiotropium bromide 18microgram inhalation powder capsules,Spiriva 18microgram inhalation powder capsules,Inhalation powder,18microgram,3,120,134.00,120.60,0301020Q0BBABAB,3,1,2,0
281,2015,5,Tiotropium,Tiotropium bromide 18microgram inhalation powder capsules with device,-,Inhalation powder,18microgram,7,240,278.96,249.79,0301020Q0AAAAAA,3,1,2,0
281,2015,5,Tiotropium,Tiotropium bromide 18microgram inhalation powder capsules with device,Spiriva 18microgram inhalation powder capsules with HandiHaler,Inhalation powder,18microgram,3,90,104.61,94.26,0301020Q0BBAAAA,3,1,2,0
281,2015,6,Tiotropium,Tiotropium bromide 18microgram inhalation powder capsules,-,Inhalation powder,18microgram,24,900,1005.00,902.81,-,3,1,2,0
281,2015,6,Tiotropium,Tiotropium bromide 18microgram inhalation powder capsules,Spiriva 18microgram inhalation powder capsules,Inhalation powder,18microgram,5,210,234.50,210.69,-,3,1,2,0
281,2015,6,Tiotropium,Tiotropium bromide 18microgram inhalation powder capsules with device,-,Inhalation powder,18microgram,2,60,69.74,62.32,0301020Q0AAAAAA,3,1,2,0
281,2015,6,Tiotropium,Tiotropium bromide 18microgram inhalation powder capsules with device,Spiriva 18microgram inhalation powder capsules with HandiHaler,Inhalation powder,18microgram,4,120,139.48,126.17,-,3,1,2,0
281,2015,8,Tiotropium,Tiotropium bromide 18microgram inhalation powder capsules,-,Inhalation powder,18microgram,28,1140,1273.00,1142.83,-,3,1,2,0
281,2015,8,Tiotropium,Tiotropium bromide 18microgram inhalation powder capsules,Spiriva 18microgram inhalation powder capsules,Inhalation powder,18microgram,6,240,268.00,240.98,0301020Q0BBABAB,3,1,2,0
281,2015,8,Tiotropium,Tiotropium bromide 18microgram inhalation powder capsules with device,-,Inhalation powder,18microgram,3,120,139.48,124.74,0301020Q0AAAAAA,3,1,2,0
281,2015,8,Tiotropium,Tiotropium bromide 18microgram inhalation powder capsules with device,Spiriva 18microgram inhalation powder capsules with HandiHaler,Inhalation powder,18microgram,3,90,104.61,94.29,0301020Q0BBAAAA,3,1,2,0
281,2015,9,Tiotropium,Tiotropium bromide 18microgram inhalation powder capsules,Spiriva 18microgram inhalation powder capsules,Inhalation powder,18microgram,5,180,201.00,180.74,0301020Q0BBABAB,3,1,2,0
281,2015,9,Tiotropium,Tiotropium bromide 18microgram inhalation powder capsules with device,-,Inhalation powder,18microgram,2,90,104.61,93.60,0301020Q0AAAAAA,3,1,2,0
281,2015,9,Tiotropium,Tiotropium bromide 18microgram inhalation powder capsules with device,Spiriva 18microgram inhalation powder capsules with HandiHaler,Inhalation powder,18microgram,2,60,69.74,62.45,0301020Q0BBAAAA,3,1,2,0
281,2015,9,Tiotropium,Tiotropium bromide 18microgram inhalation powder capsules,-,Inhalation powder,18microgram,19,660,737.00,661.36,-,3,1,2,0
281,2015,10,Tiotropium,Tiotropium bromide 18microgram inhalation powder capsules with device,Spiriva 18microgram inhalation powder capsules with HandiHaler,Inhalation powder,18microgram,4,150,174.35,156.99,0301020Q0BBAAAA,3,1,2,0
281,2015,10,Tiotropium,Tiotropium bromide 18microgram inhalation powder capsules,Spiriva 18microgram inhalation powder capsules,Inhalation powder,18microgram,5,210,234.50,211.25,0301020Q0BBABAB,3,1,2,0
281,2015,10,Tiotropium,Tiotropium bromide 18microgram inhalation powder capsules with device,-,Inhalation powder,18microgram,3,120,139.48,124.66,0301020Q0AAAAAA,3,1,2,0
281,2015,10,Tiotropium,Tiotropium bromide 18microgram inhalation powder capsules,-,Inhalation powder,18microgram,25,900,1005.00,902.12,-,3,1,2,0
281,2015,11,Tiotropium,Tiotropium bromide 18microgram inhalation powder capsules with device,Spiriva 18microgram inhalation powder capsules with HandiHaler,Inhalation powder,18microgram,4,120,139.48,125.12,0301020Q0BBAAAA,3,1,2,0
281,2015,11,Tiotropium,Tiotropium bromide 18microgram inhalation powder capsules,-,Inhalation powder,18microgram,21,840,938.00,841.18,-,3,1,2,0
281,2015,11,Tiotropium,Tiotropium bromide 18microgram inhalation powder capsules,Spiriva 18microgram inhalation powder capsules,Inhalation powder,18microgram,6,300,335.00,301.38,0301020Q0BBABAB,3,1,2,0
281,2015,11,Tiotropium,Tiotropium bromide 18microgram inhalation powder capsules with device,-,Inhalation powder,18microgram,3,90,104.61,93.87,0301020Q0AAAAAA,3,1,2,0
281,2015,12,Tiotropium,Tiotropium bromide 18microgram inhalation powder capsules with device,Spiriva 18microgram inhalation powder capsules with HandiHaler,Inhalation powder,18microgram,2,60,69.74,62.90,0301020Q0BBAAAA,3,1,2,0
281,2015,12,Tiotropium,Tiotropium bromide 18microgram inhalation powder capsules,-,Inhalation powder,18microgram,28,990,1105.50,990.71,-,3,1,2,0
281,2015,12,Tiotropium,Tiotropium bromide 18microgram inhalation powder capsules,Spiriva 18microgram inhalation powder capsules,Inhalation powder,18microgram,7,300,335.00,301.00,0301020Q0BBABAB,3,1,2,0
281,2015,12,Tiotropium,Tiotropium bromide 18microgram inhalation powder capsules with device,-,Inhalation powder,18microgram,4,120,139.48,124.81,0301020Q0AAAAAA,3,1,2,0
281,2016,1,Tiotropium,Tiotropium bromide 18microgram inhalation powder capsules with device,Spiriva 18microgram inhalation powder capsules with HandiHaler,Inhalation powder,18microgram,3,90,104.61,94.23,0301020Q0BBAAAA,3,1,2,0
281,2016,1,Tiotropium,Tiotropium bromide 2.5micrograms/dose solution for inhalation cartridge with device CFC free,-,Pressurised inhalation,2.5microgram/dose,1,60,33.50,30.17,0301020Q0AAACAC,3,1,2,0
281,2016,1,Tiotropium,Tiotropium bromide 18microgram inhalation powder capsules,-,Inhalation powder,18microgram,26,930,1038.50,930.81,-,3,1,2,0
281,2016,1,Tiotropium,Tiotropium bromide 18microgram inhalation powder capsules,Spiriva 18microgram inhalation powder capsules,Inhalation powder,18microgram,7,270,301.50,270.62,0301020Q0BBABAB,3,1,2,0
281,2016,1,Tiotropium,Tiotropium bromide 18microgram inhalation powder capsules with device,-,Inhalation powder,18microgram,2,60,69.74,62.71,0301020Q0AAAAAA,3,1,2,0
281,2016,2,Tiotropium,Tiotropium bromide 18microgram inhalation powder capsules with device,Spiriva 18microgram inhalation powder capsules with HandiHaler,Inhalation powder,18microgram,3,90,104.61,94.21,0301020Q0BBAAAA,3,1,2,0
281,2016,2,Tiotropium,Tiotropium bromide 18microgram inhalation powder capsules with device,-,Inhalation powder,18microgram,5,180,209.22,187.46,0301020Q0AAAAAA,3,1,2,0
281,2016,2,Tiotropium,Tiotropium bromide 18microgram inhalation powder capsules,Spiriva 18microgram inhalation powder capsules,Inhalation powder,18microgram,6,240,268.00,240.80,0301020Q0BBABAB,3,1,2,0
281,2016,2,Tiotropium,Tiotropium bromide 18microgram inhalation powder capsules,-,Inhalation powder,18microgram,22,780,871.00,781.78,-,3,1,2,0
281,2016,3,Tiotropium,Tiotropium bromide 18microgram inhalation powder capsules with device,Spiriva 18microgram inhalation powder capsules with HandiHaler,Inhalation powder,18microgram,3,90,104.61,93.89,0301020Q0BBAAAA,3,1,2,0
281,2016,3,Tiotropium,Tiotropium bromide 18microgram inhalation powder capsules,-,Inhalation powder,18microgram,27,1080,1206.00,1082.45,-,3,1,2,0
281,2016,3,Tiotropium,Tiotropium bromide 18microgram inhalation powder capsules,Spiriva 18microgram inhalation powder capsules,Inhalation powder,18microgram,7,240,268.00,240.46,0301020Q0BBABAB,3,1,2,0
281,2016,3,Tiotropium,Tiotropium bromide 18microgram inhalation powder capsules with device,-,Inhalation powder,18microgram,5,180,209.22,186.65,0301020Q0AAAAAA,3,1,2,0
281,2016,4,Tiotropium,Tiotropium bromide 18microgram inhalation powder capsules with device,Spiriva 18microgram inhalation powder capsules with HandiHaler,Inhalation powder,18microgram,2,60,69.74,62.23,0301020Q0BBAAAA,3,1,2,0
281,2016,4,Tiotropium,Tiotropium bromide 18microgram inhalation powder capsules,-,Inhalation powder,18microgram,28,930,1038.50,933.00,-,3,1,2,0
281,2016,4,Tiotropium,Tiotropium bromide 18microgram inhalation powder capsules with device,-,Inhalation powder,18microgram,3,90,104.61,93.67,0301020Q0AAAAAA,3,1,2,0
281,2016,4,Tiotropium,Tiotropium bromide 18microgram inhalation powder capsules,Spiriva 18microgram inhalation powder capsules,Inhalation powder,18microgram,9,390,435.50,391.40,0301020Q0BBABAB,3,1,2,0
281,2016,5,Tiotropium,Tiotropium bromide 18microgram inhalation powder capsules with device,Spiriva 18microgram inhalation powder capsules with HandiHaler,Inhalation powder,18microgram,2,60,69.74,62.99,0301020Q0BBAAAA,3,1,2,0
281,2016,5,Tiotropium,Tiotropium bromide 18microgram inhalation powder capsules,-,Inhalation powder,18microgram,19,660,737.00,662.07,-,3,1,2,0
281,2016,5,Tiotropium,Tiotropium bromide 2.5micrograms/dose solution for inhalation cartridge with device CFC free,-,Pressurised inhalation,2.5microgram/dose,1,60,33.50,30.17,0301020Q0AAACAC,3,1,2,0
281,2016,5,Tiotropium,Tiotropium bromide 18microgram inhalation powder capsules,Spiriva 18microgram inhalation powder capsules,Inhalation powder,18microgram,6,180,201.00,180.26,0301020Q0BBABAB,3,1,2,0
281,2016,5,Tiotropium,Tiotropium bromide 18microgram inhalation powder capsules with device,-,Inhalation powder,18microgram,4,150,174.35,156.12,0301020Q0AAAAAA,3,1,2,0
281,2017,11,Tiotropium + Olodaterol,Tiotropium bromide 2.5micrograms/dose / Olodaterol 2.5micrograms/dose solution for inhalation cartridge with device CFC free,Spiolto Respimat 2.5micrograms/dose / 2.5micrograms/dose solution for inhalation cartridge with device,Pressurised inhalation,2.5microgram/dose /  2.5microgram/dose,1,120,65,58.0515,0301040X0BBAAAA,3,1,4,0
281,2017,11,Tiotropium,Tiotropium bromide 2.5micrograms/dose solution for inhalation cartridge with device CFC free,Spiriva Respimat 2.5micrograms/dose solution for inhalation cartridge with device,Pressurised inhalation,2.5microgram/dose,1,1,23,20.7506,0301020Q0BBACAC,3,1,2,0
281,2017,11,Tiotropium,Tiotropium bromide 18microgram inhalation powder capsules,-,Inhalation powder,18microgram,16,720,804,725.01705,-,3,1,2,0
281,2017,11,Tiotropium,Tiotropium bromide 18microgram inhalation powder capsules,Spiriva 18microgram inhalation powder capsules,Inhalation powder,18microgram,7,270,301.5,271.17915,0301020Q0BBABAB,3,1,2,0
281,2017,11,Tiotropium,Tiotropium bromide 18microgram inhalation powder capsules with device,-,Inhalation powder,18microgram,3,90,104.61,93.531801,0301020Q0AAAAAA,3,1,2,0
281,2017,11,Tiotropium,Tiotropium bromide 18microgram inhalation powder capsules with device,Spiriva 18microgram inhalation powder capsules with HandiHaler,Inhalation powder,18microgram,2,60,69.74,62.856662,0301020Q0BBAAAA,3,1,2,0
281,2017,12,Tiotropium,Tiotropium bromide 18microgram inhalation powder capsules,-,Inhalation powder,18microgram,13,450,502.5,451.08085,-,3,1,2,0
281,2017,12,Tiotropium + Olodaterol,Tiotropium bromide 2.5micrograms/dose / Olodaterol 2.5micrograms/dose solution for inhalation cartridge with device CFC free,Spiolto Respimat 2.5micrograms/dose / 2.5micrograms/dose solution for inhalation cartridge with device,Pressurised inhalation,2.5microgram/dose /  2.5microgram/dose,1,60,32.5,29.4125,0301040X0BBAAAA,3,1,4,0
281,2017,12,Tiotropium,Tiotropium bromide 2.5micrograms/dose solution for inhalation cartridge with device CFC free,Spiriva Respimat 2.5micrograms/dose solution for inhalation cartridge with device,Pressurised inhalation,2.5microgram/dose,2,2,46,41.4782,0301020Q0BBACAC,3,1,2,0
281,2017,12,Tiotropium,Tiotropium bromide 18microgram inhalation powder capsules with device,-,Inhalation powder,18microgram,5,150,174.35,156.214113,0301020Q0AAAAAA,3,1,2,0
281,2017,12,Tiotropium,Tiotropium bromide 18microgram inhalation powder capsules,Spiriva 18microgram inhalation powder capsules,Inhalation powder,18microgram,5,180,201,181.05075,0301020Q0BBABAB,3,1,2,0
281,2018,1,Tiotropium,Tiotropium bromide 18microgram inhalation powder capsules with device,Spiriva 18microgram inhalation powder capsules with HandiHaler,Inhalation powder,18microgram,3,90,104.61,93.845631,0301020Q0BBAAAA,3,1,2,0
281,2018,1,Tiotropium,Tiotropium bromide 18microgram inhalation powder capsules,-,Inhalation powder,18microgram,28,1230,1373.5,1232.54205,-,3,1,2,0
281,2018,1,Tiotropium,Tiotropium bromide 18microgram inhalation powder capsules,Spiriva 18microgram inhalation powder capsules,Inhalation powder,18microgram,6,240,268,241.0057,0301020Q0BBABAB,3,1,2,0
281,2018,1,Tiotropium,Tiotropium bromide 18microgram inhalation powder capsules with device,-,Inhalation powder,18microgram,4,120,139.48,124.614919,0301020Q0AAAAAA,3,1,2,0
281,2018,1,Tiotropium,Tiotropium bromide 2.5micrograms/dose solution for inhalation cartridge with device CFC free,Spiriva Respimat 2.5micrograms/dose solution for inhalation cartridge with device,Pressurised inhalation,2.5microgram/dose,1,1,23,20.7759,0301020Q0BBACAC,3,1,2,0
281,2018,2,Tiotropium,Tiotropium bromide 18microgram inhalation powder capsules,Spiriva 18microgram inhalation powder capsules,Inhalation powder,18microgram,3,90,100.5,90.61415,0301020Q0BBABAB,3,1,2,0
281,2018,2,Tiotropium + Olodaterol,Tiotropium bromide 2.5micrograms/dose / Olodaterol 2.5micrograms/dose solution for inhalation cartridge with device CFC free,Spiolto Respimat 2.5micrograms/dose / 2.5micrograms/dose solution for inhalation cartridge with device,Pressurised inhalation,2.5microgram/dose /  2.5microgram/dose,1,120,65,58.8445,0301040X0BBAAAA,3,1,4,0
281,2018,2,Tiotropium,Tiotropium bromide 2.5micrograms/dose solution for inhalation cartridge with device CFC free,Spiriva Respimat 2.5micrograms/dose solution for inhalation cartridge with device,Pressurised inhalation,2.5microgram/dose,2,2,46,41.4644,0301020Q0BBACAC,3,1,2,0
281,2018,2,Tiotropium,Tiotropium bromide 18microgram inhalation powder capsules with device,Spiriva 18microgram inhalation powder capsules with HandiHaler,Inhalation powder,18microgram,1,30,34.87,31.407409,0301020Q0BBAAAA,3,1,2,0
281,2018,2,Tiotropium,Tiotropium bromide 18microgram inhalation powder capsules with device,-,Inhalation powder,18microgram,4,120,139.48,124.967106,0301020Q0AAAAAA,3,1,2,0
281,2018,2,Tiotropium,Tiotropium bromide 18microgram inhalation powder capsules,-,Inhalation powder,18microgram,16,690,770.5,691.4199,-,3,1,2,0
281,2018,3,Tiotropium + Olodaterol,Tiotropium bromide 2.5micrograms/dose / Olodaterol 2.5micrograms/dose solution for inhalation cartridge with device CFC free,Spiolto Respimat 2.5micrograms/dose / 2.5micrograms/dose solution for inhalation cartridge with device,Pressurised inhalation,2.5microgram/dose /  2.5microgram/dose,1,60,32.5,28.96075,0301040X0BBAAAA,3,1,4,0
281,2018,3,Tiotropium,Tiotropium bromide 2.5micrograms/dose solution for inhalation cartridge with device CFC free,Spiriva Respimat 2.5micrograms/dose solution for inhalation cartridge with device,Pressurised inhalation,2.5microgram/dose,2,2,46,41.4828,0301020Q0BBACAC,3,1,2,0
281,2018,3,Tiotropium,Tiotropium bromide 2.5micrograms/dose solution for inhalation cartridge with device CFC free,-,Pressurised inhalation,2.5microgram/dose,1,60,23,20.5505,0301020Q0AAACAC,3,1,2,0
281,2018,3,Tiotropium,Tiotropium bromide 18microgram inhalation powder capsules with device,-,Inhalation powder,18microgram,5,150,174.35,155.910744,0301020Q0AAAAAA,3,1,2,0
281,2018,3,Tiotropium,Tiotropium bromide 18microgram inhalation powder capsules,Spiriva 18microgram inhalation powder capsules,Inhalation powder,18microgram,6,240,268,240.72765,0301020Q0BBABAB,3,1,2,0
281,2018,3,Tiotropium,Tiotropium bromide 18microgram inhalation powder capsules,-,Inhalation powder,18microgram,16,630,703.5,632.3728,-,3,1,2,0
281,2018,4,Tiotropium,Tiotropium bromide 18microgram inhalation powder capsules with device,-,Inhalation powder,18microgram,1,30,34.87,31.449253,0301020Q0AAAAAA,3,1,2,0
281,2018,4,Tiotropium,Tiotropium bromide 18microgram inhalation powder capsules with device,Spiriva 18microgram inhalation powder capsules with HandiHaler,Inhalation powder,18microgram,2,60,69.74,62.724156,0301020Q0BBAAAA,3,1,2,0
281,2018,4,Tiotropium,Tiotropium bromide 18microgram inhalation powder capsules,Spiriva 18microgram inhalation powder capsules,Inhalation powder,18microgram,4,120,134,120.7139,0301020Q0BBABAB,3,1,2,0
281,2018,4,Tiotropium,Tiotropium bromide 2.5micrograms/dose solution for inhalation cartridge with device CFC free,-,Pressurised inhalation,2.5microgram/dose,1,60,23,20.6862,0301020Q0AAACAC,3,1,2,0
281,2018,4,Tiotropium + Olodaterol,Tiotropium bromide 2.5micrograms/dose / Olodaterol 2.5micrograms/dose solution for inhalation cartridge with device CFC free,Spiolto Respimat 2.5micrograms/dose / 2.5micrograms/dose solution for inhalation cartridge with device,Pressurised inhalation,2.5microgram/dose /  2.5microgram/dose,1,120,65,58.8575,0301040X0BBAAAA,3,1,4,0
281,2018,4,Tiotropium,Tiotropium bromide 18microgram inhalation powder capsules,-,Inhalation powder,18microgram,12,390,435.5,391.7959,-,3,1,2,0
281,2018,4,Tiotropium,Tiotropium bromide 2.5micrograms/dose solution for inhalation cartridge with device CFC free,Spiriva Respimat 2.5micrograms/dose solution for inhalation cartridge with device,Pressurised inhalation,2.5microgram/dose,1,1,23,20.7805,0301020Q0BBACAC,3,1,2,0
281,2018,5,Tiotropium,Tiotropium bromide 18microgram inhalation powder capsules,Spiriva 18microgram inhalation powder capsules,Inhalation powder,18microgram,6,240,268,240.1146,0301020Q0BBABAB,3,1,2,0
281,2018,5,Tiotropium + Olodaterol,Tiotropium bromide 2.5micrograms/dose / Olodaterol 2.5micrograms/dose solution for inhalation cartridge with device CFC free,Spiolto Respimat 2.5micrograms/dose / 2.5micrograms/dose solution for inhalation cartridge with device,Pressurised inhalation,2.5microgram/dose /  2.5microgram/dose,2,240,130,117.559,0301040X0BBAAAA,3,1,4,0
281,2018,5,Tiotropium,Tiotropium bromide 18microgram inhalation powder capsules with device,Spiriva 18microgram inhalation powder capsules with HandiHaler,Inhalation powder,18microgram,1,30,34.87,31.337669,0301020Q0BBAAAA,3,1,2,0
281,2018,5,Tiotropium,Tiotropium bromide 18microgram inhalation powder capsules with device,-,Inhalation powder,18microgram,4,120,139.48,125.277449,0301020Q0AAAAAA,3,1,2,0
281,2018,5,Tiotropium,Tiotropium bromide 2.5micrograms/dose solution for inhalation cartridge with device CFC free,Spiriva Respimat 2.5micrograms/dose solution for inhalation cartridge with device,Pressurised inhalation,2.5microgram/dose,2,2,46,41.4667,0301020Q0BBACAC,3,1,2,0
281,2018,5,Tiotropium,Tiotropium bromide 18microgram inhalation powder capsules,-,Inhalation powder,18microgram,23,930,1038.5,933.99005,-,3,1,2,0
281,2018,6,Tiotropium,Tiotropium bromide 18microgram inhalation powder capsules,Spiriva 18microgram inhalation powder capsules,Inhalation powder,18microgram,7,210,234.5,211.5592,0301020Q0BBABAB,3,1,2,0
281,2018,6,Tiotropium,Tiotropium bromide 18microgram inhalation powder capsules,-,Inhalation powder,18microgram,18,660,737,664.05375,-,3,1,2,0
281,2018,6,Tiotropium,Tiotropium bromide 18microgram inhalation powder capsules with device,Spiriva 18microgram inhalation powder capsules with HandiHaler,Inhalation powder,18microgram,1,30,34.87,31.320234,0301020Q0BBAAAA,3,1,2,0
281,2018,6,Tiotropium,Tiotropium bromide 2.5micrograms/dose solution for inhalation cartridge with device CFC free,Spiriva Respimat 2.5micrograms/dose solution for inhalation cartridge with device,Pressurised inhalation,2.5microgram/dose,3,3,69,62.2518,0301020Q0BBACAC,3,1,2,0
281,2018,6,Tiotropium,Tiotropium bromide 18microgram inhalation powder capsules with device,-,Inhalation powder,18microgram,2,60,69.74,62.678825,0301020Q0AAAAAA,3,1,2,0
281,2018,7,Tiotropium,Tiotropium bromide 18microgram inhalation powder capsules with device,-,Inhalation powder,18microgram,2,60,69.74,62.724156,0301020Q0AAAAAA,3,1,2,0
281,2018,7,Tiotropium,Tiotropium bromide 18microgram inhalation powder capsules with device,Spiriva 18microgram inhalation powder capsules with HandiHaler,Inhalation powder,18microgram,1,30,34.87,31.369052,0301020Q0BBAAAA,3,1,2,0
281,2018,7,Tiotropium,Tiotropium bromide 2.5micrograms/dose solution for inhalation cartridge with device CFC free,Spiriva Respimat 2.5micrograms/dose solution for inhalation cartridge with device,Pressurised inhalation,2.5microgram/dose,1,1,23,20.7621,0301020Q0BBACAC,3,1,2,0
281,2018,7,Tiotropium,Tiotropium bromide 10microgram inhalation powder capsules with device,Braltus 10microgram inhalation powder capsules with Zonda inhaler,Inhalation powder,10microgram,1,30,25.8,23.25096,0301020Q0BCAAAD,3,1,2,0
281,2018,7,Tiotropium,Tiotropium bromide 18microgram inhalation powder capsules,-,Inhalation powder,18microgram,20,720,804,723.69045,-,3,1,2,0
281,2018,7,Tiotropium,Tiotropium bromide 18microgram inhalation powder capsules,Spiriva 18microgram inhalation powder capsules,Inhalation powder,18microgram,8,270,301.5,270.7068,0301020Q0BBABAB,3,1,2,0
281,2018,8,Tiotropium,Tiotropium bromide 18microgram inhalation powder capsules with device,-,Inhalation powder,18microgram,3,90,104.61,93.817735,0301020Q0AAAAAA,3,1,2,0
281,2018,8,Tiotropium,Tiotropium bromide 18microgram inhalation powder capsules with device,Spiriva 18microgram inhalation powder capsules with HandiHaler,Inhalation powder,18microgram,1,30,34.87,31.337669,0301020Q0BBAAAA,3,1,2,0
281,2018,8,Tiotropium,Tiotropium bromide 2.5micrograms/dose solution for inhalation cartridge with device CFC free,Spiriva Respimat 2.5micrograms/dose solution for inhalation cartridge with device,Pressurised inhalation,2.5microgram/dose,1,1,23,20.7161,0301020Q0BBACAC,3,1,2,0
281,2018,8,Tiotropium,Tiotropium bromide 18microgram inhalation powder capsules,-,Inhalation powder,18microgram,12,390,435.5,394.17105,-,3,1,2,0
281,2018,8,Tiotropium,Tiotropium bromide 10microgram inhalation powder capsules with device,Braltus 10microgram inhalation powder capsules with Zonda inhaler,Inhalation powder,10microgram,1,30,25.8,23.23806,0301020Q0BCAAAD,3,1,2,0
281,2018,8,Tiotropium,Tiotropium bromide 18microgram inhalation powder capsules,Spiriva 18microgram inhalation powder capsules,Inhalation powder,18microgram,6,210,234.5,210.31635,0301020Q0BBABAB,3,1,2,0
281,2018,9,Tiotropium,Tiotropium bromide 18microgram inhalation powder capsules with device,Spiriva 18microgram inhalation powder capsules with HandiHaler,Inhalation powder,18microgram,1,30,34.87,31.512019,0301020Q0BBAAAA,3,1,2,0
281,2018,9,Tiotropium,Tiotropium bromide 18microgram inhalation powder capsules,Spiriva 18microgram inhalation powder capsules,Inhalation powder,18microgram,5,180,201,180.8598,0301020Q0BBABAB,3,1,2,0
281,2018,9,Tiotropium,Tiotropium bromide 18microgram inhalation powder capsules with device,-,Inhalation powder,18microgram,3,90,104.61,94.149,0301020Q0AAAAAA,3,1,2,0
281,2018,9,Tiotropium,Tiotropium bromide 10microgram inhalation powder capsules with device,Braltus 10microgram inhalation powder capsules with Zonda inhaler,Inhalation powder,10microgram,1,30,25.8,23.27418,0301020Q0BCAAAD,3,1,2,0
281,2018,9,Tiotropium,Tiotropium bromide 2.5micrograms/dose solution for inhalation cartridge with device CFC free,Spiriva Respimat 2.5micrograms/dose solution for inhalation cartridge with device,Pressurised inhalation,2.5microgram/dose,2,2,46,41.5334,0301020Q0BBACAC,3,1,2,0
281,2018,9,Tiotropium + Olodaterol,Tiotropium bromide 2.5micrograms/dose / Olodaterol 2.5micrograms/dose solution for inhalation cartridge with device CFC free,Spiolto Respimat 2.5micrograms/dose / 2.5micrograms/dose solution for inhalation cartridge with device,Pressurised inhalation,2.5microgram/dose /  2.5microgram/dose,1,120,65,58.1945,0301040X0BBAAAA,3,1,4,0
281,2018,9,Tiotropium,Tiotropium bromide 18microgram inhalation powder capsules,-,Inhalation powder,18microgram,15,540,603,540.8709,0301020Q0AAABAB,3,1,2,0
281,2018,10,Tiotropium + Olodaterol,Tiotropium bromide 2.5micrograms/dose / Olodaterol 2.5micrograms/dose solution for inhalation cartridge with device CFC free,Spiolto Respimat 2.5micrograms/dose / 2.5micrograms/dose solution for inhalation cartridge with device,Pressurised inhalation,2.5microgram/dose /  2.5microgram/dose,1,60,32.5,29.38975,0301040X0BBAAAA,3,1,4,0
281,2018,10,Tiotropium,Tiotropium bromide 18microgram inhalation powder capsules with device,-,Inhalation powder,18microgram,3,90,104.61,94.124591,0301020Q0AAAAAA,3,1,2,0
281,2018,10,Tiotropium,Tiotropium bromide 18microgram inhalation powder capsules,Spiriva 18microgram inhalation powder capsules,Inhalation powder,18microgram,3,90,100.5,90.3629,0301020Q0BBABAB,3,1,2,0
281,2018,10,Tiotropium,Tiotropium bromide 18microgram inhalation powder capsules,-,Inhalation powder,18microgram,16,690,770.5,691.5271,0301020Q0AAABAB,3,1,2,0
281,2018,10,Tiotropium,Tiotropium bromide 18microgram inhalation powder capsules with device,Spiriva 18microgram inhalation powder capsules with HandiHaler,Inhalation powder,18microgram,1,30,34.87,31.442279,0301020Q0BBAAAA,3,1,2,0
281,2018,10,Tiotropium,Tiotropium bromide 2.5micrograms/dose solution for inhalation cartridge with device CFC free,Spiriva Respimat 2.5micrograms/dose solution for inhalation cartridge with device,Pressurised inhalation,2.5microgram/dose,5,5,115,103.4586,0301020Q0BBACAC,3,1,2,0
281,2018,11,Tiotropium,Tiotropium bromide 18microgram inhalation powder capsules,-,Inhalation powder,18microgram,24,810,904.5,811.6246,0301020Q0AAABAB,3,1,2,0
281,2018,11,Tiotropium,Tiotropium bromide 18microgram inhalation powder capsules,Spiriva 18microgram inhalation powder capsules,Inhalation powder,18microgram,4,150,167.5,150.53895,0301020Q0BBABAB,3,1,2,0
281,2018,11,Tiotropium,Tiotropium bromide 18microgram inhalation powder capsules with device,-,Inhalation powder,18microgram,2,60,69.74,62.717182,0301020Q0AAAAAA,3,1,2,0
281,2018,11,Tiotropium,Tiotropium bromide 10microgram inhalation powder capsules with device,Braltus 10microgram inhalation powder capsules with Zonda inhaler,Inhalation powder,10microgram,3,90,77.4,69.61614,0301020Q0BCAAAD,3,1,2,0
281,2018,11,Tiotropium,Tiotropium bromide 2.5micrograms/dose solution for inhalation cartridge with device CFC free,Spiriva Respimat 2.5micrograms/dose solution for inhalation cartridge with device,Pressurised inhalation,2.5microgram/dose,3,3,69,62.1207,0301020Q0BBACAC,3,1,2,0
281,2018,11,Tiotropium,Tiotropium bromide 18microgram inhalation powder capsules with device,Spiriva 18microgram inhalation powder capsules with HandiHaler,Inhalation powder,18microgram,1,30,34.87,31.236546,0301020Q0BBAAAA,3,1,2,0
281,2018,12,Tiotropium,Tiotropium bromide 18microgram inhalation powder capsules with device,-,Inhalation powder,18microgram,2,60,69.74,62.706721,0301020Q0AAAAAA,3,1,2,0
281,2018,12,Tiotropium,Tiotropium bromide 2.5micrograms/dose solution for inhalation cartridge with device CFC free,Spiriva Respimat 2.5micrograms/dose solution for inhalation cartridge with device,Pressurised inhalation,2.5microgram/dose,6,6,138,124.3817,0301020Q0BBACAC,3,1,2,0
281,2018,12,Tiotropium + Olodaterol,Tiotropium bromide 2.5micrograms/dose / Olodaterol 2.5micrograms/dose solution for inhalation cartridge with device CFC free,Spiolto Respimat 2.5micrograms/dose / 2.5micrograms/dose solution for inhalation cartridge with device,Pressurised inhalation,2.5microgram/dose /  2.5microgram/dose,2,180,97.5,87.73375,0301040X0BBAAAA,3,1,4,0
281,2018,12,Tiotropium,Tiotropium bromide 18microgram inhalation powder capsules with device,Spiriva 18microgram inhalation powder capsules with HandiHaler,Inhalation powder,18microgram,1,30,34.87,31.386487,0301020Q0BBAAAA,3,1,2,0
281,2018,12,Tiotropium,Tiotropium bromide 10microgram inhalation powder capsules with device,Braltus 10microgram inhalation powder capsules with Zonda inhaler,Inhalation powder,10microgram,4,180,154.8,139.02846,0301020Q0BCAAAD,3,1,2,0
281,2018,12,Tiotropium,Tiotropium bromide 18microgram inhalation powder capsules,-,Inhalation powder,18microgram,15,480,536,482.1052,0301020Q0AAABAB,3,1,2,0
281,2018,12,Tiotropium,Tiotropium bromide 18microgram inhalation powder capsules,Spiriva 18microgram inhalation powder capsules,Inhalation powder,18microgram,6,270,301.5,270.7872,0301020Q0BBABAB,3,1,2,0
281,2019,1,Tiotropium + Olodaterol,Tiotropium bromide 2.5micrograms/dose / Olodaterol 2.5micrograms/dose solution for inhalation cartridge with device CFC free,Spiolto Respimat 2.5micrograms/dose / 2.5micrograms/dose solution for inhalation cartridge with device,Pressurised inhalation,2.5microgram/dose /  2.5microgram/dose,1,120,65,58.825,0301040X0BBAAAA,3,1,4,0
281,2019,1,Tiotropium,Tiotropium bromide 18microgram inhalation powder capsules with device,-,Inhalation powder,18microgram,3,90,104.61,94.201305,0301020Q0AAAAAA,3,1,2,0
281,2019,1,Tiotropium,Tiotropium bromide 18microgram inhalation powder capsules,Spiriva 18microgram inhalation powder capsules,Inhalation powder,18microgram,3,120,134,120.04055,0301020Q0BBABAB,3,1,2,0
281,2019,1,Tiotropium,Tiotropium bromide 18microgram inhalation powder capsules,-,Inhalation powder,18microgram,15,570,636.5,571.27885,0301020Q0AAABAB,3,1,2,0
281,2019,1,Tiotropium,Tiotropium bromide 10microgram inhalation powder capsules with device,Braltus 10microgram inhalation powder capsules with Zonda inhaler,Inhalation powder,10microgram,2,60,51.6,46.4658,0301020Q0BCAAAD,3,1,2,0
281,2019,1,Tiotropium,Tiotropium bromide 2.5micrograms/dose solution for inhalation cartridge with device CFC free,Spiriva Respimat 2.5micrograms/dose solution for inhalation cartridge with device,Pressurised inhalation,2.5microgram/dose,5,5,115,103.3597,0301020Q0BBACAC,3,1,2,0
281,2019,2,Tiotropium,Tiotropium bromide 18microgram inhalation powder capsules with device,Spiriva 18microgram inhalation powder capsules with HandiHaler,Inhalation powder,18microgram,1,30,34.87,31.376026,0301020Q0BBAAAA,3,1,2,0
281,2019,2,Tiotropium,Tiotropium bromide 2.5micrograms/dose solution for inhalation cartridge with device CFC free,Spiriva Respimat 2.5micrograms/dose solution for inhalation cartridge with device,Pressurised inhalation,2.5microgram/dose,3,3,69,62.2104,0301020Q0BBACAC,3,1,2,0
281,2019,2,Tiotropium + Olodaterol,Tiotropium bromide 2.5micrograms/dose / Olodaterol 2.5micrograms/dose solution for inhalation cartridge with device CFC free,Spiolto Respimat 2.5micrograms/dose / 2.5micrograms/dose solution for inhalation cartridge with device,Pressurised inhalation,2.5microgram/dose /  2.5microgram/dose,1,60,32.5,29.12975,0301040X0BBAAAA,3,1,4,0
281,2019,2,Tiotropium,Tiotropium bromide 18microgram inhalation powder capsules with device,-,Inhalation powder,18microgram,1,30,34.87,31.337669,0301020Q0AAAAAA,3,1,2,0
281,2019,2,Tiotropium,Tiotropium bromide 18microgram inhalation powder capsules,Spiriva 18microgram inhalation powder capsules,Inhalation powder,18microgram,6,270,301.5,270.8877,0301020Q0BBABAB,3,1,2,0
281,2019,2,Tiotropium,Tiotropium bromide 18microgram inhalation powder capsules,-,Inhalation powder,18microgram,19,780,871,782.43605,0301020Q0AAABAB,3,1,2,0
281,2019,3,Tiotropium,Tiotropium bromide 18microgram inhalation powder capsules with device,Spiriva 18microgram inhalation powder capsules with HandiHaler,Inhalation powder,18microgram,3,90,104.61,94.295454,0301020Q0BBAAAA,3,1,2,0
281,2019,3,Tiotropium,Tiotropium bromide 18microgram inhalation powder capsules with device,-,Inhalation powder,18microgram,3,90,104.61,93.988598,0301020Q0AAAAAA,3,1,2,0
281,2019,3,Tiotropium,Tiotropium bromide 18microgram inhalation powder capsules,Spiriva 18microgram inhalation powder capsules,Inhalation powder,18microgram,6,210,234.5,210.77865,0301020Q0BBABAB,3,1,2,0
281,2019,3,Tiotropium,Tiotropium bromide 2.5micrograms/dose solution for inhalation cartridge with device CFC free,Spiriva Respimat 2.5micrograms/dose solution for inhalation cartridge with device,Pressurised inhalation,2.5microgram/dose,6,6,138,123.9792,0301020Q0BBACAC,3,1,2,0
281,2019,3,Tiotropium + Olodaterol,Tiotropium bromide 2.5micrograms/dose / Olodaterol 2.5micrograms/dose solution for inhalation cartridge with device CFC free,Spiolto Respimat 2.5micrograms/dose / 2.5micrograms/dose solution for inhalation cartridge with device,Pressurised inhalation,2.5microgram/dose /  2.5microgram/dose,2,120,65,58.6105,0301040X0BBAAAA,3,1,4,0
281,2019,3,Tiotropium,Tiotropium bromide 18microgram inhalation powder capsules,-,Inhalation powder,18microgram,16,570,636.5,572.2001,0301020Q0AAABAB,3,1,2,0
281,2019,4,Tiotropium,Tiotropium bromide 2.5micrograms/dose solution for inhalation cartridge with device CFC free,Spiriva Respimat 2.5micrograms/dose solution for inhalation cartridge with device,Pressurised inhalation,2.5microgram/dose,2,2,46,41.4092,0301020Q0BBACAC,3,1,2,0
281,2019,4,Tiotropium,Tiotropium bromide 18microgram inhalation powder capsules with device,Spiriva 18microgram inhalation powder capsules with HandiHaler,Inhalation powder,18microgram,1,30,34.87,31.295825,0301020Q0BBAAAA,3,1,2,0
281,2019,4,Tiotropium,Tiotropium bromide 18microgram inhalation powder capsules with device,-,Inhalation powder,18microgram,2,60,69.74,62.685799,0301020Q0AAAAAA,3,1,2,0
281,2019,4,Tiotropium,Tiotropium bromide 18microgram inhalation powder capsules,Spiriva 18microgram inhalation powder capsules,Inhalation powder,18microgram,4,150,167.5,150.30445,0301020Q0BBABAB,3,1,2,0
281,2019,4,Tiotropium + Olodaterol,Tiotropium bromide 2.5micrograms/dose / Olodaterol 2.5micrograms/dose solution for inhalation cartridge with device CFC free,Spiolto Respimat 2.5micrograms/dose / 2.5micrograms/dose solution for inhalation cartridge with device,Pressurised inhalation,2.5microgram/dose /  2.5microgram/dose,1,60,32.5,29.29875,0301040X0BBAAAA,3,1,4,0
281,2019,4,Tiotropium,Tiotropium bromide 18microgram inhalation powder capsules,-,Inhalation powder,18microgram,15,540,603,542.53585,0301020Q0AAABAB,3,1,2,0
281,2019,4,Tiotropium,Tiotropium bromide 10microgram inhalation powder capsules with device,Braltus 10microgram inhalation powder capsules with Zonda inhaler,Inhalation powder,10microgram,1,90,77.4,69.29622,0301020Q0BCAAAD,3,1,2,0
281,2019,5,Tiotropium + Olodaterol,Tiotropium bromide 2.5micrograms/dose / Olodaterol 2.5micrograms/dose solution for inhalation cartridge with device CFC free,Spiolto Respimat 2.5micrograms/dose / 2.5micrograms/dose solution for inhalation cartridge with device,Pressurised inhalation,2.5microgram/dose /  2.5microgram/dose,2,120,65,58.49675,0301040X0BBAAAA,3,1,4,0
281,2019,5,Tiotropium,Tiotropium bromide 18microgram inhalation powder capsules with device,Spiriva 18microgram inhalation powder capsules with HandiHaler,Inhalation powder,18microgram,3,90,104.61,94.096695,0301020Q0BBAAAA,3,1,2,0
281,2019,5,Tiotropium,Tiotropium bromide 18microgram inhalation powder capsules with device,-,Inhalation powder,18microgram,3,90,104.61,93.967676,0301020Q0AAAAAA,3,1,2,0
281,2019,5,Tiotropium,Tiotropium bromide 18microgram inhalation powder capsules,Spiriva 18microgram inhalation powder capsules,Inhalation powder,18microgram,6,240,268,240.23855,0301020Q0BBABAB,3,1,2,0
281,2019,5,Tiotropium,Tiotropium bromide 18microgram inhalation powder capsules,-,Inhalation powder,18microgram,15,540,603,541.5409,0301020Q0AAABAB,3,1,2,0
281,2019,5,Tiotropium,Tiotropium bromide 2.5micrograms/dose solution for inhalation cartridge with device CFC free,Spiriva Respimat 2.5micrograms/dose solution for inhalation cartridge with device,Pressurised inhalation,2.5microgram/dose,5,5,115,103.1182,0301020Q0BBACAC,3,1,2,0
281,2019,6,Tiotropium,Tiotropium bromide 18microgram inhalation powder capsules,Spiriva 18microgram inhalation powder capsules,Inhalation powder,18microgram,4,210,234.5,210.76525,0301020Q0BBABAB,3,1,2,0
281,2019,6,Tiotropium,Tiotropium bromide 18microgram inhalation powder capsules with device,-,Inhalation powder,18microgram,3,90,104.61,93.988598,0301020Q0AAAAAA,3,1,2,0
281,2019,6,Tiotropium,Tiotropium bromide 18microgram inhalation powder capsules with device,Spiriva 18microgram inhalation powder capsules with HandiHaler,Inhalation powder,18microgram,1,60,69.74,62.933376,0301020Q0BBAAAA,3,1,2,0
281,2019,6,Tiotropium,Tiotropium bromide 2.5micrograms/dose solution for inhalation cartridge with device CFC free,Spiriva Respimat 2.5micrograms/dose solution for inhalation cartridge with device,Pressurised inhalation,2.5microgram/dose,7,7,161,144.4676,0301020Q0BBACAC,3,1,2,0
281,2019,6,Tiotropium + Olodaterol,Tiotropium bromide 2.5micrograms/dose / Olodaterol 2.5micrograms/dose solution for inhalation cartridge with device CFC free,Spiolto Respimat 2.5micrograms/dose / 2.5micrograms/dose solution for inhalation cartridge with device,Pressurised inhalation,2.5microgram/dose /  2.5microgram/dose,1,60,32.5,29.31175,0301040X0BBAAAA,3,1,4,0
281,2019,6,Tiotropium,Tiotropium bromide 10microgram inhalation powder capsules with device,-,Inhalation powder,10microgram,1,30,25.8,22.90782,0301020Q0AAADAD,3,1,2,0
281,2019,6,Tiotropium,Tiotropium bromide 18microgram inhalation powder capsules,-,Inhalation powder,18microgram,15,570,636.5,573.1984,0301020Q0AAABAB,3,1,2,0
281,2019,7,Tiotropium,Tiotropium bromide 18microgram inhalation powder capsules,Spiriva 18microgram inhalation powder capsules,Inhalation powder,18microgram,4,180,201,180.95025,0301020Q0BBABAB,3,1,2,0
281,2019,7,Tiotropium,Tiotropium bromide 18microgram inhalation powder capsules with device,-,Inhalation powder,18microgram,1,30,34.87,31.292338,0301020Q0AAAAAA,3,1,2,0
281,2019,7,Tiotropium,Tiotropium bromide 18microgram inhalation powder capsules with device,Spiriva 18microgram inhalation powder capsules with HandiHaler,Inhalation powder,18microgram,5,180,209.22,190.034526,0301020Q0BBAAAA,3,1,2,0
281,2019,7,Tiotropium,Tiotropium bromide 2.5micrograms/dose solution for inhalation cartridge with device CFC free,Spiriva Respimat 2.5micrograms/dose solution for inhalation cartridge with device,Pressurised inhalation,2.5microgram/dose,6,6,138,124.1011,0301020Q0BBACAC,3,1,2,0
281,2019,7,Tiotropium,Tiotropium bromide 10microgram inhalation powder capsules with device,Braltus 10microgram inhalation powder capsules with Zonda inhaler,Inhalation powder,10microgram,1,90,77.4,69.59034,0301020Q0BCAAAD,3,1,2,0
281,2019,7,Tiotropium,Tiotropium bromide 18microgram inhalation powder capsules,-,Inhalation powder,18microgram,16,630,703.5,631.8435,0301020Q0AAABAB,3,1,2,0
281,2019,8,Tiotropium,Tiotropium bromide 2.5micrograms/dose solution for inhalation cartridge with device CFC free,Spiriva Respimat 2.5micrograms/dose solution for inhalation cartridge with device,Pressurised inhalation,2.5microgram/dose,9,10,230,207.138,0301020Q0BBACAC,3,1,2,0
281,2019,8,Tiotropium,Tiotropium bromide 18microgram inhalation powder capsules with device,-,Inhalation powder,18microgram,2,60,69.74,62.682312,0301020Q0AAAAAA,3,1,2,0
281,2019,8,Tiotropium,Tiotropium bromide 18microgram inhalation powder capsules,Spiriva 18microgram inhalation powder capsules,Inhalation powder,18microgram,3,90,100.5,90.39305,0301020Q0BBABAB,3,1,2,0
281,2019,8,Tiotropium,Tiotropium bromide 18microgram inhalation powder capsules,-,Inhalation powder,18microgram,13,570,636.5,571.6172,0301020Q0AAABAB,3,1,2,0
281,2019,8,Tiotropium,Tiotropium bromide 10microgram inhalation powder capsules with device,Braltus 10microgram inhalation powder capsules with Zonda inhaler,Inhalation powder,10microgram,1,30,25.8,23.1684,0301020Q0BCAAAD,3,1,2,0
281,2019,8,Tiotropium,Tiotropium bromide 18microgram inhalation powder capsules with device,Spiriva 18microgram inhalation powder capsules with HandiHaler,Inhalation powder,18microgram,4,120,139.48,126.327036,0301020Q0BBAAAA,3,1,2,0
281,2019,9,Tiotropium + Olodaterol,Tiotropium bromide 2.5micrograms/dose / Olodaterol 2.5micrograms/dose solution for inhalation cartridge with device CFC free,Spiolto Respimat 2.5micrograms/dose / 2.5micrograms/dose solution for inhalation cartridge with device,Pressurised inhalation,2.5microgram/dose /  2.5microgram/dose,1,60,32.5,29.2955,0301040X0BBAAAA,3,1,4,0
281,2019,9,Tiotropium,Tiotropium bromide 10microgram inhalation powder capsules with device,Braltus 10microgram inhalation powder capsules with Zonda inhaler,Inhalation powder,10microgram,2,90,77.4,69.48198,0301020Q0BCAAAD,3,1,2,0
281,2019,9,Tiotropium,Tiotropium bromide 18microgram inhalation powder capsules,-,Inhalation powder,18microgram,16,510,569.5,511.9001,0301020Q0AAABAB,3,1,2,0
281,2019,9,Tiotropium,Tiotropium bromide 18microgram inhalation powder capsules,Spiriva 18microgram inhalation powder capsules,Inhalation powder,18microgram,4,120,134,120.1377,0301020Q0BBABAB,3,1,2,0
281,2019,9,Tiotropium,Tiotropium bromide 18microgram inhalation powder capsules with device,-,Inhalation powder,18microgram,2,60,69.74,62.636981,0301020Q0AAAAAA,3,1,2,0
281,2019,9,Tiotropium,Tiotropium bromide 18microgram inhalation powder capsules with device,Spiriva 18microgram inhalation powder capsules with HandiHaler,Inhalation powder,18microgram,3,90,104.61,95.177665,0301020Q0BBAAAA,3,1,2,0
281,2019,9,Tiotropium,Tiotropium bromide 2.5micrograms/dose solution for inhalation cartridge with device CFC free,Spiriva Respimat 2.5micrograms/dose solution for inhalation cartridge with device,Pressurised inhalation,2.5microgram/dose,6,6,138,124.1264,0301020Q0BBACAC,3,1,2,0
281,2019,10,Tiotropium,Tiotropium bromide 18microgram inhalation powder capsules,Spiriva 18microgram inhalation powder capsules,Inhalation powder,18microgram,6,240,268,240.798,0301020Q0BBABAB,3,1,2,0
281,2019,10,Tiotropium,Tiotropium bromide 18microgram inhalation powder capsules with device,-,Inhalation powder,18microgram,5,150,174.35,156.653475,0301020Q0AAAAAA,3,1,2,0
281,2019,10,Tiotropium,Tiotropium bromide 18microgram inhalation powder capsules with device,Spiriva 18microgram inhalation powder capsules with HandiHaler,Inhalation powder,18microgram,5,180,209.22,188.632752,0301020Q0BBAAAA,3,1,2,0
281,2019,10,Tiotropium,Tiotropium bromide 2.5micrograms/dose solution for inhalation cartridge with device CFC free,Spiriva Respimat 2.5micrograms/dose solution for inhalation cartridge with device,Pressurised inhalation,2.5microgram/dose,9,10,230,206.9839,0301020Q0BBACAC,3,1,2,0
281,2019,10,Tiotropium + Olodaterol,Tiotropium bromide 2.5micrograms/dose / Olodaterol 2.5micrograms/dose solution for inhalation cartridge with device CFC free,Spiolto Respimat 2.5micrograms/dose / 2.5micrograms/dose solution for inhalation cartridge with device,Pressurised inhalation,2.5microgram/dose /  2.5microgram/dose,2,180,97.5,88.088,0301040X0BBAAAA,3,1,4,0
281,2019,10,Tiotropium,Tiotropium bromide 18microgram inhalation powder capsules,-,Inhalation powder,18microgram,17,690,770.5,692.01955,0301020Q0AAABAB,3,1,2,0
281,2019,11,Tiotropium,Tiotropium bromide 2.5micrograms/dose solution for inhalation cartridge with device CFC free,Spiriva Respimat 2.5micrograms/dose solution for inhalation cartridge with device,Pressurised inhalation,2.5microgram/dose,5,5,115,103.408,0301020Q0BBACAC,3,1,2,0
281,2019,11,Tiotropium,Tiotropium bromide 18microgram inhalation powder capsules with device,Spiriva 18microgram inhalation powder capsules with HandiHaler,Inhalation powder,18microgram,3,90,104.61,94.260584,0301020Q0BBAAAA,3,1,2,0
281,2019,11,Tiotropium,Tiotropium bromide 18microgram inhalation powder capsules with device,-,Inhalation powder,18microgram,2,60,69.74,62.689286,0301020Q0AAAAAA,3,1,2,0
281,2019,11,Tiotropium,Tiotropium bromide 18microgram inhalation powder capsules,Spiriva 18microgram inhalation powder capsules,Inhalation powder,18microgram,6,180,201,180.9536,0301020Q0BBABAB,3,1,2,0
281,2019,11,Tiotropium,Tiotropium bromide 10microgram inhalation powder capsules with device,Braltus 10microgram inhalation powder capsules with Zonda inhaler,Inhalation powder,10microgram,1,60,51.6,46.34196,0301020Q0BCAAAD,3,1,2,0
281,2019,11,Tiotropium,Tiotropium bromide 18microgram inhalation powder capsules,-,Inhalation powder,18microgram,17,570,636.5,572.53845,0301020Q0AAABAB,3,1,2,0
281,2019,12,Tiotropium,Tiotropium bromide 18microgram inhalation powder capsules,Spiriva 18microgram inhalation powder capsules,Inhalation powder,18microgram,4,120,134,120.11425,0301020Q0BBABAB,3,1,2,0
281,2019,12,Tiotropium,Tiotropium bromide 18microgram inhalation powder capsules with device,-,Inhalation powder,18microgram,4,120,139.48,125.333241,0301020Q0AAAAAA,3,1,2,0
281,2019,12,Tiotropium,Tiotropium bromide 18microgram inhalation powder capsules with device,Spiriva 18microgram inhalation powder capsules with HandiHaler,Inhalation powder,18microgram,3,120,139.48,125.797012,0301020Q0BBAAAA,3,1,2,0
281,2019,12,Tiotropium,Tiotropium bromide 2.5micrograms/dose solution for inhalation cartridge with device CFC free,Spiriva Respimat 2.5micrograms/dose solution for inhalation cartridge with device,Pressurised inhalation,2.5microgram/dose,4,4,92,82.4366,0301020Q0BBACAC,3,1,2,0
281,2019,12,Tiotropium,Tiotropium bromide 18microgram inhalation powder capsules,-,Inhalation powder,18microgram,14,540,603,542.71675,0301020Q0AAABAB,3,1,2,0
281,2020,1,Tiotropium,Tiotropium bromide 18microgram inhalation powder capsules,-,Inhalation powder,18microgram,14,480,536,481.2677,0301020Q0AAABAB,3,1,2,0
281,2020,1,Tiotropium,Tiotropium bromide 18microgram inhalation powder capsules,Spiriva 18microgram inhalation powder capsules,Inhalation powder,18microgram,8,330,368.5,331.2145,0301020Q0BBABAB,3,1,2,0
281,2020,1,Tiotropium,Tiotropium bromide 18microgram inhalation powder capsules with device,-,Inhalation powder,18microgram,1,30,34.87,31.351617,0301020Q0AAAAAA,3,1,2,0
281,2020,1,Tiotropium,Tiotropium bromide 18microgram inhalation powder capsules with device,Spiriva 18microgram inhalation powder capsules with HandiHaler,Inhalation powder,18microgram,2,60,69.74,63.581958,0301020Q0BBAAAA,3,1,2,0
281,2020,1,Tiotropium,Tiotropium bromide 2.5micrograms/dose solution for inhalation cartridge with device CFC free,Spiriva Respimat 2.5micrograms/dose solution for inhalation cartridge with device,Pressurised inhalation,2.5microgram/dose,4,4,92,82.7195,0301020Q0BBACAC,3,1,2,0
281,2020,1,Tiotropium,Tiotropium bromide 10microgram inhalation powder capsules with device,Braltus 10microgram inhalation powder capsules with Zonda inhaler,Inhalation powder,10microgram,1,60,51.6,46.26456,0301020Q0BCAAAD,3,1,2,0
281,2020,2,Tiotropium,Tiotropium bromide 18microgram inhalation powder capsules,Spiriva 18microgram inhalation powder capsules,Inhalation powder,18microgram,9,270,301.5,271.15235,0301020Q0BBABAB,3,1,2,0
281,2020,2,Tiotropium,Tiotropium bromide 18microgram inhalation powder capsules with device,Spiriva 18microgram inhalation powder capsules with HandiHaler,Inhalation powder,18microgram,2,60,69.74,63.780717,0301020Q0BBAAAA,3,1,2,0
281,2020,2,Tiotropium,Tiotropium bromide 18microgram inhalation powder capsules with device,-,Inhalation powder,18microgram,3,90,104.61,94.107156,0301020Q0AAAAAA,3,1,2,0
281,2020,2,Tiotropium,Tiotropium bromide 2.5micrograms/dose solution for inhalation cartridge with device CFC free,Spiriva Respimat 2.5micrograms/dose solution for inhalation cartridge with device,Pressurised inhalation,2.5microgram/dose,4,4,92,82.7678,0301020Q0BBACAC,3,1,2,0
281,2020,2,Tiotropium,Tiotropium bromide 18microgram inhalation powder capsules,-,Inhalation powder,18microgram,12,450,502.5,453.6637,0301020Q0AAABAB,3,1,2,0
281,2020,3,Tiotropium,Tiotropium bromide 18microgram inhalation powder capsules with device,-,Inhalation powder,18microgram,2,60,69.74,62.490527,0301020Q0AAAAAA,3,1,2,0
281,2020,3,Tiotropium,Tiotropium bromide 18microgram inhalation powder capsules,Spiriva 18microgram inhalation powder capsules,Inhalation powder,18microgram,8,300,335,301.3392,0301020Q0BBABAB,3,1,2,0
281,2020,3,Tiotropium,Tiotropium bromide 10microgram inhalation powder capsules with device,Braltus 10microgram inhalation powder capsules with Zonda inhaler,Inhalation powder,10microgram,1,60,51.6,46.19232,0301020Q0BCAAAD,3,1,2,0
281,2020,3,Tiotropium,Tiotropium bromide 18microgram inhalation powder capsules with device,Spiriva 18microgram inhalation powder capsules with HandiHaler,Inhalation powder,18microgram,2,60,69.74,63.697029,0301020Q0BBAAAA,3,1,2,0
281,2020,3,Tiotropium,Tiotropium bromide 2.5micrograms/dose solution for inhalation cartridge with device CFC free,Spiriva Respimat 2.5micrograms/dose solution for inhalation cartridge with device,Pressurised inhalation,2.5microgram/dose,3,3,69,62.0632,0301020Q0BBACAC,3,1,2,0
281,2020,3,Tiotropium + Olodaterol,Tiotropium bromide 2.5micrograms/dose / Olodaterol 2.5micrograms/dose solution for inhalation cartridge with device CFC free,Spiolto Respimat 2.5micrograms/dose / 2.5micrograms/dose solution for inhalation cartridge with device,Pressurised inhalation,2.5microgram/dose /  2.5microgram/dose,1,60,32.5,29.23375,0301040X0BBAAAA,3,1,4,0
281,2020,3,Tiotropium,Tiotropium bromide 18microgram inhalation powder capsules,-,Inhalation powder,18microgram,18,600,670,603.8174,0301020Q0AAABAB,3,1,2,0
281,2020,4,Tiotropium,Tiotropium bromide 18microgram inhalation powder capsules,-,Inhalation powder,18microgram,12,480,536,481.55245,0301020Q0AAABAB,3,1,2,0
281,2020,4,Tiotropium,Tiotropium bromide 18microgram inhalation powder capsules,Spiriva 18microgram inhalation powder capsules,Inhalation powder,18microgram,6,180,201,180.40085,0301020Q0BBABAB,3,1,2,0
281,2020,4,Tiotropium,Tiotropium bromide 18microgram inhalation powder capsules with device,-,Inhalation powder,18microgram,4,120,139.48,125.661019,0301020Q0AAAAAA,3,1,2,0
281,2020,4,Tiotropium,Tiotropium bromide 18microgram inhalation powder capsules with device,Spiriva 18microgram inhalation powder capsules with HandiHaler,Inhalation powder,18microgram,3,90,104.61,95.599592,0301020Q0BBAAAA,3,1,2,0
281,2020,4,Tiotropium,Tiotropium bromide 2.5micrograms/dose solution for inhalation cartridge with device CFC free,Spiriva Respimat 2.5micrograms/dose solution for inhalation cartridge with device,Pressurised inhalation,2.5microgram/dose,5,5,115,103.4218,0301020Q0BBACAC,3,1,2,0
281,2020,4,Tiotropium + Olodaterol,Tiotropium bromide 2.5micrograms/dose / Olodaterol 2.5micrograms/dose solution for inhalation cartridge with device CFC free,Spiolto Respimat 2.5micrograms/dose / 2.5micrograms/dose solution for inhalation cartridge with device,Pressurised inhalation,2.5microgram/dose /  2.5microgram/dose,1,60,32.5,29.2695,0301040X0BBAAAA,3,1,4,0
281,2020,4,Tiotropium,Tiotropium bromide 10microgram inhalation powder capsules with device,Braltus 10microgram inhalation powder capsules with Zonda inhaler,Inhalation powder,10microgram,1,60,51.6,46.37808,0301020Q0BCAAAD,3,1,2,0
281,2020,5,Tiotropium,Tiotropium bromide 18microgram inhalation powder capsules with device,-,Inhalation powder,18microgram,3,90,104.61,94.982393,0301020Q0AAAAAA,3,1,2,0
281,2020,5,Tiotropium,Tiotropium bromide 18microgram inhalation powder capsules,-,Inhalation powder,18microgram,13,510,569.5,513.4411,0301020Q0AAABAB,3,1,2,0
281,2020,5,Tiotropium,Tiotropium bromide 18microgram inhalation powder capsules,Spiriva 18microgram inhalation powder capsules,Inhalation powder,18microgram,7,210,234.5,210.90595,0301020Q0BBABAB,3,1,2,0
281,2020,5,Tiotropium,Tiotropium bromide 18microgram inhalation powder capsules with device,Spiriva 18microgram inhalation powder capsules with HandiHaler,Inhalation powder,18microgram,2,90,104.61,94.867322,0301020Q0BBAAAA,3,1,2,0
281,2020,5,Tiotropium,Tiotropium bromide 2.5micrograms/dose solution for inhalation cartridge with device CFC free,Spiriva Respimat 2.5micrograms/dose solution for inhalation cartridge with device,Pressurised inhalation,2.5microgram/dose,5,5,115,103.5828,0301020Q0BBACAC,3,1,2,0
281,2020,6,Tiotropium,Tiotropium bromide 18microgram inhalation powder capsules,Spiriva 18microgram inhalation powder capsules,Inhalation powder,18microgram,6,240,268,241.6288,0301020Q0BBABAB,3,1,2,0
281,2020,6,Tiotropium,Tiotropium bromide 18microgram inhalation powder capsules with device,-,Inhalation powder,18microgram,2,60,69.74,62.811331,0301020Q0AAAAAA,3,1,2,0
281,2020,6,Tiotropium,Tiotropium bromide 18microgram inhalation powder capsules with device,Spiriva 18microgram inhalation powder capsules with HandiHaler,Inhalation powder,18microgram,2,60,69.74,63.442478,0301020Q0BBAAAA,3,1,2,0
281,2020,6,Tiotropium,Tiotropium bromide 2.5micrograms/dose solution for inhalation cartridge with device CFC free,Spiriva Respimat 2.5micrograms/dose solution for inhalation cartridge with device,Pressurised inhalation,2.5microgram/dose,7,7,161,144.8862,0301020Q0BBACAC,3,1,2,0
281,2020,6,Tiotropium + Olodaterol,Tiotropium bromide 2.5micrograms/dose / Olodaterol 2.5micrograms/dose solution for inhalation cartridge with device CFC free,Spiolto Respimat 2.5micrograms/dose / 2.5micrograms/dose solution for inhalation cartridge with device,Pressurised inhalation,2.5microgram/dose /  2.5microgram/dose,1,60,32.5,29.27275,0301040X0BBAAAA,3,1,4,0
281,2020,6,Tiotropium,Tiotropium bromide 18microgram inhalation powder capsules,-,Inhalation powder,18microgram,13,420,469,422.00955,0301020Q0AAABAB,3,1,2,0
281,2020,7,Tiotropium,Tiotropium bromide 10microgram inhalation powder capsules with device,Braltus 10microgram inhalation powder capsules with Zonda inhaler,Inhalation powder,10microgram,1,60,51.6,46.26972,0301020Q0BCAAAD,3,1,2,0
281,2020,7,Tiotropium,Tiotropium bromide 18microgram inhalation powder capsules,Spiriva 18microgram inhalation powder capsules,Inhalation powder,18microgram,5,150,167.5,150.3949,0301020Q0BBABAB,3,1,2,0
281,2020,7,Tiotropium,Tiotropium bromide 18microgram inhalation powder capsules,-,Inhalation powder,18microgram,14,450,502.5,453.389,0301020Q0AAABAB,3,1,2,0
281,2020,7,Tiotropium,Tiotropium bromide 18microgram inhalation powder capsules with device,-,Inhalation powder,18microgram,3,90,104.61,93.911884,0301020Q0AAAAAA,3,1,2,0
281,2020,7,Tiotropium,Tiotropium bromide 18microgram inhalation powder capsules with device,Spiriva 18microgram inhalation powder capsules with HandiHaler,Inhalation powder,18microgram,3,120,139.48,126.058537,0301020Q0BBAAAA,3,1,2,0
281,2020,7,Tiotropium,Tiotropium bromide 2.5micrograms/dose solution for inhalation cartridge with device CFC free,Spiriva Respimat 2.5micrograms/dose solution for inhalation cartridge with device,Pressurised inhalation,2.5microgram/dose,4,4,92,82.7724,0301020Q0BBACAC,3,1,2,0
281,2020,7,Tiotropium + Olodaterol,Tiotropium bromide 2.5micrograms/dose / Olodaterol 2.5micrograms/dose solution for inhalation cartridge with device CFC free,Spiolto Respimat 2.5micrograms/dose / 2.5micrograms/dose solution for inhalation cartridge with device,Pressurised inhalation,2.5microgram/dose /  2.5microgram/dose,1,60,32.5,28.7885,0301040X0BBAAAA,3,1,4,0
281,2020,8,Tiotropium,Tiotropium bromide 2.5micrograms/dose solution for inhalation cartridge with device CFC free,Spiriva Respimat 2.5micrograms/dose solution for inhalation cartridge with device,Pressurised inhalation,2.5microgram/dose,5,5,115,103.5828,0301020Q0BBACAC,3,1,2,0
281,2020,8,Tiotropium,Tiotropium bromide 18microgram inhalation powder capsules with device,Spiriva 18microgram inhalation powder capsules with HandiHaler,Inhalation powder,18microgram,3,90,104.61,94.964958,0301020Q0BBAAAA,3,1,2,0
281,2020,8,Tiotropium,Tiotropium bromide 18microgram inhalation powder capsules with device,-,Inhalation powder,18microgram,2,60,69.74,62.692773,0301020Q0AAAAAA,3,1,2,0
281,2020,8,Tiotropium,Tiotropium bromide 18microgram inhalation powder capsules,Spiriva 18microgram inhalation powder capsules,Inhalation powder,18microgram,6,180,201,180.91005,0301020Q0BBABAB,3,1,2,0
281,2020,8,Tiotropium,Tiotropium bromide 18microgram inhalation powder capsules,-,Inhalation powder,18microgram,10,420,469,421.3161,0301020Q0AAABAB,3,1,2,0
281,2020,8,Tiotropium,Tiotropium bromide 10microgram inhalation powder capsules with device,Braltus 10microgram inhalation powder capsules with Zonda inhaler,Inhalation powder,10microgram,1,60,51.6,46.3626,0301020Q0BCAAAD,3,1,2,0
281,2020,9,Tiotropium,Tiotropium bromide 18microgram inhalation powder capsules,Spiriva 18microgram inhalation powder capsules,Inhalation powder,18microgram,6,240,268,241.25695,0301020Q0BBABAB,3,1,2,0
281,2020,9,Tiotropium + Olodaterol,Tiotropium bromide 2.5micrograms/dose / Olodaterol 2.5micrograms/dose solution for inhalation cartridge with device CFC free,Spiolto Respimat 2.5micrograms/dose / 2.5micrograms/dose solution for inhalation cartridge with device,Pressurised inhalation,2.5microgram/dose /  2.5microgram/dose,1,60,32.5,29.24675,0301040X0BBAAAA,3,1,4,0
281,2020,9,Tiotropium,Tiotropium bromide 2.5micrograms/dose solution for inhalation cartridge with device CFC free,Spiriva Respimat 2.5micrograms/dose solution for inhalation cartridge with device,Pressurised inhalation,2.5microgram/dose,5,5,115,103.4701,0301020Q0BBACAC,3,1,2,0
281,2020,9,Tiotropium,Tiotropium bromide 18microgram inhalation powder capsules with device,Spiriva 18microgram inhalation powder capsules with HandiHaler,Inhalation powder,18microgram,4,150,174.35,157.207908,0301020Q0BBAAAA,3,1,2,0
281,2020,9,Tiotropium,Tiotropium bromide 18microgram inhalation powder capsules with device,-,Inhalation powder,18microgram,2,60,69.74,62.598624,0301020Q0AAAAAA,3,1,2,0
281,2020,9,Tiotropium,Tiotropium bromide 18microgram inhalation powder capsules,-,Inhalation powder,18microgram,14,570,636.5,573.1716,0301020Q0AAABAB,3,1,2,0
281,2020,9,Tiotropium,Tiotropium bromide 10microgram inhalation powder capsules with device,Braltus 10microgram inhalation powder capsules with Zonda inhaler,Inhalation powder,10microgram,1,60,51.6,46.28004,0301020Q0BCAAAD,3,1,2,0
281,2020,10,Tiotropium,Tiotropium bromide 18microgram inhalation powder capsules with device,Spiriva 18microgram inhalation powder capsules with HandiHaler,Inhalation powder,18microgram,1,30,34.87,31.355104,0301020Q0BBAAAA,3,1,2,0
281,2020,10,Tiotropium,Tiotropium bromide 18microgram inhalation powder capsules with device,-,Inhalation powder,18microgram,3,90,104.61,93.803787,0301020Q0AAAAAA,3,1,2,0
281,2020,10,Tiotropium,Tiotropium bromide 18microgram inhalation powder capsules,Spiriva 18microgram inhalation powder capsules,Inhalation powder,18microgram,6,180,201,180.64205,0301020Q0BBABAB,3,1,2,0
281,2020,10,Tiotropium,Tiotropium bromide 18microgram inhalation powder capsules,-,Inhalation powder,18microgram,10,420,469,421.9392,0301020Q0AAABAB,3,1,2,0
281,2020,10,Tiotropium,Tiotropium bromide 10microgram inhalation powder capsules with device,Braltus 10microgram inhalation powder capsules with Zonda inhaler,Inhalation powder,10microgram,1,30,25.8,23.27934,0301020Q0BCAAAD,3,1,2,0
281,2020,10,Tiotropium,Tiotropium bromide 2.5micrograms/dose solution for inhalation cartridge with device CFC free,Spiriva Respimat 2.5micrograms/dose solution for inhalation cartridge with device,Pressurised inhalation,2.5microgram/dose,5,5,115,103.3965,0301020Q0BBACAC,3,1,2,0
281,2020,10,Tiotropium + Olodaterol,Tiotropium bromide 2.5micrograms/dose / Olodaterol 2.5micrograms/dose solution for inhalation cartridge with device CFC free,Spiolto Respimat 2.5micrograms/dose / 2.5micrograms/dose solution for inhalation cartridge with device,Pressurised inhalation,2.5microgram/dose /  2.5microgram/dose,2,120,65,58.2985,0301040X0BBAAAA,3,1,4,0
281,2020,11,Tiotropium,Tiotropium bromide 18microgram inhalation powder capsules with device,-,Inhalation powder,18microgram,2,60,69.74,62.682312,0301020Q0AAAAAA,3,1,2,0
281,2020,11,Tiotropium,Tiotropium bromide 18microgram inhalation powder capsules,Spiriva 18microgram inhalation powder capsules,Inhalation powder,18microgram,3,90,100.5,90.28585,0301020Q0BBABAB,3,1,2,0
281,2020,11,Tiotropium,Tiotropium bromide 18microgram inhalation powder capsules with device,Spiriva 18microgram inhalation powder capsules with HandiHaler,Inhalation powder,18microgram,3,120,139.48,125.294884,0301020Q0BBAAAA,3,1,2,0
281,2020,11,Tiotropium,Tiotropium bromide 18microgram inhalation powder capsules,-,Inhalation powder,18microgram,7,240,268,241.7427,0301020Q0AAABAB,3,1,2,0
281,2020,11,Tiotropium,Tiotropium bromide 10microgram inhalation powder capsules with device,Braltus 10microgram inhalation powder capsules with Zonda inhaler,Inhalation powder,10microgram,1,30,25.8,23.32062,0301020Q0BCAAAD,3,1,2,0
281,2020,11,Tiotropium,Tiotropium bromide 2.5micrograms/dose solution for inhalation cartridge with device CFC free,Spiriva Respimat 2.5micrograms/dose solution for inhalation cartridge with device,Pressurised inhalation,2.5microgram/dose,4,4,92,82.8644,0301020Q0BBACAC,3,1,2,0
281,2020,12,Tiotropium,Tiotropium bromide 2.5micrograms/dose solution for inhalation cartridge with device CFC free,Spiriva Respimat 2.5micrograms/dose solution for inhalation cartridge with device,Pressurised inhalation,2.5microgram/dose,5,5,115,103.3896,0301020Q0BBACAC,3,1,2,0
281,2020,12,Tiotropium,Tiotropium bromide 10microgram inhalation powder capsules with device,-,Inhalation powder,10microgram,1,30,25.8,23.19936,0301020Q0AAADAD,3,1,2,0
281,2020,12,Tiotropium,Tiotropium bromide 10microgram inhalation powder capsules with device,Braltus 10microgram inhalation powder capsules with Zonda inhaler,Inhalation powder,10microgram,2,90,77.4,69.49488,0301020Q0BCAAAD,3,1,2,0
281,2020,12,Tiotropium,Tiotropium bromide 18microgram inhalation powder capsules,-,Inhalation powder,18microgram,7,210,234.5,211.6798,0301020Q0AAABAB,3,1,2,0
281,2020,12,Tiotropium,Tiotropium bromide 18microgram inhalation powder capsules,Spiriva 18microgram inhalation powder capsules,Inhalation powder,18microgram,2,120,134,120.935,0301020Q0BBABAB,3,1,2,0
281,2020,12,Tiotropium,Tiotropium bromide 18microgram inhalation powder capsules with device,-,Inhalation powder,18microgram,3,90,104.61,93.671281,0301020Q0AAAAAA,3,1,2,0
281,2020,12,Tiotropium,Tiotropium bromide 18microgram inhalation powder capsules with device,Spiriva 18microgram inhalation powder capsules with HandiHaler,Inhalation powder,18microgram,1,30,34.87,31.334182,0301020Q0BBAAAA,3,1,2,0
281,2020,12,Tiotropium + Olodaterol,Tiotropium bromide 2.5micrograms/dose / Olodaterol 2.5micrograms/dose solution for inhalation cartridge with device CFC free,Spiolto Respimat 2.5micrograms/dose / 2.5micrograms/dose solution for inhalation cartridge with device,Pressurised inhalation,2.5microgram/dose /  2.5microgram/dose,2,120,65,58.3245,0301040X0BBAAAA,3,1,4,0
281,2021,1,Tiotropium,Tiotropium bromide 2.5micrograms/dose solution for inhalation cartridge with device CFC free,Spiriva Respimat 2.5micrograms/dose solution for inhalation cartridge with device,Pressurised inhalation,2.5microgram/dose,7,7,161,144.9759,0301020Q0BBACAC,3,1,2,0
281,2021,1,Tiotropium,Tiotropium bromide 18microgram inhalation powder capsules with device,Spiriva 18microgram inhalation powder capsules with HandiHaler,Inhalation powder,18microgram,3,120,139.48,125.225144,0301020Q0BBAAAA,3,1,2,0
281,2021,1,Tiotropium,Tiotropium bromide 18microgram inhalation powder capsules with device,-,Inhalation powder,18microgram,3,90,104.61,93.915371,0301020Q0AAAAAA,3,1,2,0
281,2021,1,Tiotropium,Tiotropium bromide 18microgram inhalation powder capsules,Spiriva 18microgram inhalation powder capsules,Inhalation powder,18microgram,3,90,100.5,91.25065,0301020Q0BBABAB,3,1,2,0
281,2021,1,Tiotropium + Olodaterol,Tiotropium bromide 2.5micrograms/dose / Olodaterol 2.5micrograms/dose solution for inhalation cartridge with device CFC free,Spiolto Respimat 2.5micrograms/dose / 2.5micrograms/dose solution for inhalation cartridge with device,Pressurised inhalation,2.5microgram/dose /  2.5microgram/dose,2,120,65,58.344,0301040X0BBAAAA,3,1,4,0
281,2021,1,Tiotropium,Tiotropium bromide 18microgram inhalation powder capsules,-,Inhalation powder,18microgram,5,270,301.5,270.37515,0301020Q0AAABAB,3,1,2,0
281,2021,1,Tiotropium,Tiotropium bromide 10microgram inhalation powder capsules with device,Braltus 10microgram inhalation powder capsules with Zonda inhaler,Inhalation powder,10microgram,1,30,25.8,23.30514,0301020Q0BCAAAD,3,1,2,0
281,2021,2,Tiotropium,Tiotropium bromide 2.5micrograms/dose solution for inhalation cartridge with device CFC free,Spiriva Respimat 2.5micrograms/dose solution for inhalation cartridge with device,Pressurised inhalation,2.5microgram/dose,7,7,161,145.1139,0301020Q0BBACAC,3,1,2,0
281,2021,2,Tiotropium,Tiotropium bromide 18microgram inhalation powder capsules,-,Inhalation powder,18microgram,5,150,167.5,151.49705,0301020Q0AAABAB,3,1,2,0
281,2021,2,Tiotropium,Tiotropium bromide 18microgram inhalation powder capsules,Spiriva 18microgram inhalation powder capsules,Inhalation powder,18microgram,4,180,201,181.3623,0301020Q0BBABAB,3,1,2,0
281,2021,2,Tiotropium,Tiotropium bromide 18microgram inhalation powder capsules with device,-,Inhalation powder,18microgram,3,90,104.61,94.075773,0301020Q0AAAAAA,3,1,2,0
281,2021,2,Tiotropium,Tiotropium bromide 18microgram inhalation powder capsules with device,Spiriva 18microgram inhalation powder capsules with HandiHaler,Inhalation powder,18microgram,2,60,69.74,62.895019,0301020Q0BBAAAA,3,1,2,0
281,2021,3,Tiotropium,Tiotropium bromide 18microgram inhalation powder capsules,Spiriva 18microgram inhalation powder capsules,Inhalation powder,18microgram,2,60,67,60.3268,0301020Q0BBABAB,3,1,2,0
281,2021,3,Tiotropium + Olodaterol,Tiotropium bromide 2.5micrograms/dose / Olodaterol 2.5micrograms/dose solution for inhalation cartridge with device CFC free,Spiolto Respimat 2.5micrograms/dose / 2.5micrograms/dose solution for inhalation cartridge with device,Pressurised inhalation,2.5microgram/dose /  2.5microgram/dose,1,60,32.5,29.1655,0301040X0BBAAAA,3,1,4,0
281,2021,3,Tiotropium,Tiotropium bromide 2.5micrograms/dose solution for inhalation cartridge with device CFC free,Spiriva Respimat 2.5micrograms/dose solution for inhalation cartridge with device,Pressurised inhalation,2.5microgram/dose,8,9,207,186.116,0301020Q0BBACAC,3,1,2,0
281,2021,3,Tiotropium,Tiotropium bromide 18microgram inhalation powder capsules with device,Spiriva 18microgram inhalation powder capsules with HandiHaler,Inhalation powder,18microgram,3,120,139.48,125.022898,0301020Q0BBAAAA,3,1,2,0
281,2021,3,Tiotropium,Tiotropium bromide 18microgram inhalation powder capsules with device,-,Inhalation powder,18microgram,1,30,34.87,31.194702,0301020Q0AAAAAA,3,1,2,0
281,2021,3,Tiotropium,Tiotropium bromide 18microgram inhalation powder capsules,-,Inhalation powder,18microgram,3,90,100.5,90.22555,0301020Q0AAABAB,3,1,2,0
281,2021,3,Tiotropium,Tiotropium bromide 10microgram inhalation powder capsules with device,Braltus 10microgram inhalation powder capsules with Zonda inhaler,Inhalation powder,10microgram,1,30,25.8,23.28192,0301020Q0BCAAAD,3,1,2,0
281,2021,4,Tiotropium,Tiotropium bromide 18microgram inhalation powder capsules,Spiriva 18microgram inhalation powder capsules,Inhalation powder,18microgram,4,180,201,181.2752,0301020Q0BBABAB,3,1,2,0
281,2021,4,Tiotropium + Olodaterol,Tiotropium bromide 2.5micrograms/dose / Olodaterol 2.5micrograms/dose solution for inhalation cartridge with device CFC free,Spiolto Respimat 2.5micrograms/dose / 2.5micrograms/dose solution for inhalation cartridge with device,Pressurised inhalation,2.5microgram/dose /  2.5microgram/dose,1,60,32.5,29.16225,0301040X0BBAAAA,3,1,4,0
281,2021,4,Tiotropium,Tiotropium bromide 2.5micrograms/dose solution for inhalation cartridge with device CFC free,Spiriva Respimat 2.5micrograms/dose solution for inhalation cartridge with device,Pressurised inhalation,2.5microgram/dose,4,5,115,103.6725,0301020Q0BBACAC,3,1,2,0
281,2021,4,Tiotropium,Tiotropium bromide 18microgram inhalation powder capsules with device,Spiriva 18microgram inhalation powder capsules with HandiHaler,Inhalation powder,18microgram,2,60,69.74,62.588163,0301020Q0BBAAAA,3,1,2,0
281,2021,4,Tiotropium,Tiotropium bromide 18microgram inhalation powder capsules with device,-,Inhalation powder,18microgram,3,90,104.61,94.006033,0301020Q0AAAAAA,3,1,2,0
281,2021,4,Tiotropium,Tiotropium bromide 10microgram inhalation powder capsules with device,Braltus 10microgram inhalation powder capsules with Zonda inhaler,Inhalation powder,10microgram,1,30,25.8,23.31804,0301020Q0BCAAAD,3,1,2,0
281,2021,4,Tiotropium,Tiotropium bromide 18microgram inhalation powder capsules,-,Inhalation powder,18microgram,7,240,268,241.66565,0301020Q0AAABAB,3,1,2,0
281,2021,5,Tiotropium,Tiotropium bromide 18microgram inhalation powder capsules with device,-,Inhalation powder,18microgram,2,60,69.74,62.699747,0301020Q0AAAAAA,3,1,2,0
281,2021,5,Tiotropium,Tiotropium bromide 18microgram inhalation powder capsules with device,Spiriva 18microgram inhalation powder capsules with HandiHaler,Inhalation powder,18microgram,5,180,209.22,187.928378,0301020Q0BBAAAA,3,1,2,0
281,2021,5,Tiotropium,Tiotropium bromide 2.5micrograms/dose solution for inhalation cartridge with device CFC free,Spiriva Respimat 2.5micrograms/dose solution for inhalation cartridge with device,Pressurised inhalation,2.5microgram/dose,8,8,184,165.4804,0301020Q0BBACAC,3,1,2,0
281,2021,5,Tiotropium + Olodaterol,Tiotropium bromide 2.5micrograms/dose / Olodaterol 2.5micrograms/dose solution for inhalation cartridge with device CFC free,Spiolto Respimat 2.5micrograms/dose / 2.5micrograms/dose solution for inhalation cartridge with device,Pressurised inhalation,2.5microgram/dose /  2.5microgram/dose,1,60,32.5,29.17525,0301040X0BBAAAA,3,1,4,0
281,2021,5,Tiotropium,Tiotropium bromide 10microgram inhalation powder capsules with device,Braltus 10microgram inhalation powder capsules with Zonda inhaler,Inhalation powder,10microgram,1,60,51.6,46.30068,0301020Q0BCAAAD,3,1,2,0
281,2021,5,Tiotropium,Tiotropium bromide 18microgram inhalation powder capsules,-,Inhalation powder,18microgram,6,210,234.5,211.73675,0301020Q0AAABAB,3,1,2,0
281,2021,6,Tiotropium,Tiotropium bromide 18microgram inhalation powder capsules with device,Spiriva 18microgram inhalation powder capsules with HandiHaler,Inhalation powder,18microgram,2,60,69.74,62.55678,0301020Q0BBAAAA,3,1,2,0
281,2021,6,Tiotropium,Tiotropium bromide 2.5micrograms/dose solution for inhalation cartridge with device CFC free,Spiriva Respimat 2.5micrograms/dose solution for inhalation cartridge with device,Pressurised inhalation,2.5microgram/dose,3,3,69,62.1115,0301020Q0BBACAC,3,1,2,0
281,2021,6,Tiotropium + Olodaterol,Tiotropium bromide 2.5micrograms/dose / Olodaterol 2.5micrograms/dose solution for inhalation cartridge with device CFC free,Spiolto Respimat 2.5micrograms/dose / 2.5micrograms/dose solution for inhalation cartridge with device,Pressurised inhalation,2.5microgram/dose /  2.5microgram/dose,1,60,32.5,29.172,0301040X0BBAAAA,3,1,4,0
281,2021,6,Tiotropium,Tiotropium bromide 18microgram inhalation powder capsules with device,-,Inhalation powder,18microgram,2,60,69.74,62.598624,0301020Q0AAAAAA,3,1,2,0
281,2021,6,Tiotropium,Tiotropium bromide 18microgram inhalation powder capsules,Spiriva 18microgram inhalation powder capsules,Inhalation powder,18microgram,3,90,100.5,90.2423,0301020Q0BBABAB,3,1,2,0
281,2021,6,Tiotropium,Tiotropium bromide 18microgram inhalation powder capsules,-,Inhalation powder,18microgram,6,270,301.5,270.59625,0301020Q0AAABAB,3,1,2,0
281,2021,6,Tiotropium,Tiotropium bromide 2.5micrograms/dose inhalation solution cartridge CFC free,-,,,1,60,23,20.5528,0301020Q0AAAEAE,3,1,2,0
